﻿<?xml version="1.0"?>
<doc>
<assembly>
<name>
RouteConnectorScriptpad
</name>
</assembly>
<members>
<member name="M:RouteConnector_Scriptpad.DynamicBitmap.DrawOnSurface(System.Drawing.Bitmap,System.Drawing.Rectangle,System.Drawing.Rectangle,System.Boolean,System.Boolean,System.Drawing.Drawing2D.InterpolationMode)">
	<summary>
 Draw onto graphics surface of this class' bitmap
 </summary>
	<param name="source"></param>
	<param name="srcRectangle"></param>
	<param name="destRectangle"></param>
	<param name="InterpolMode"></param>
	<remarks></remarks>
</member><member name="M:RouteConnector_Scriptpad.DynamicBitmap.LoadBitmap(System.String,System.Int32,System.Int32)">
	<summary>
 INITIALIZING CLASS SECTION 
 : 3 Options to initialize this class - load a bitmap, create a blank bitmap, or create parameters for a grid and subsequent blank bitmap
 </summary>
	<param name="fromFileName"></param>
	<remarks></remarks>
</member><member name="P:RouteConnector_Scriptpad.DynamicBitmap.TileHeight">
	<summary>
 TILE METHODS SECTION
  : Tiles can be either grid cells or sprite blocks, depending on how the user is using the class
 </summary>
	<value></value>
	<returns></returns>
	<remarks></remarks>
</member><member name="M:RouteConnector_Scriptpad.DynamicBitmap.DrawTileLines">
	<summary>
 Functions and Subroutines
  : Primary workings of the class module
 </summary>
	<remarks></remarks>
</member><member name="P:RouteConnector_Scriptpad.DynamicBitmap.Exists">
	<summary>
 Basic Class Properties
 </summary>
	<value></value>
	<returns></returns>
	<remarks></remarks>
</member><member name="T:RouteConnector_Scriptpad.DynamicBitmap.NodeStatus">
	<summary>
 PATH FINDING VARIABLES, ALGORITHM, AND FUNCTIONS START HERE
 </summary>
	<remarks></remarks>
</member><member name="P:RouteConnector_Scriptpad.My.Resources.Resources.ResourceManager">
	<summary>
  Returns the cached ResourceManager instance used by this class.
</summary>
</member><member name="P:RouteConnector_Scriptpad.My.Resources.Resources.Culture">
	<summary>
  Overrides the current thread's CurrentUICulture property for all
  resource lookups using this strongly typed resource class.
</summary>
</member><member name="T:RouteConnector_Scriptpad.My.Resources.Resources">
	<summary>
  A strongly-typed resource class, for looking up localized strings, etc.
</summary>
</member>
</members>
</doc>